policy,policy_label,snr_db,ber,average_iterations,iteration_saving_percent,gs4_count,gs8_count,gs16_count,gs4_percent,gs8_percent,gs16_percent,ber_gap_vs_gs16,ber_gap_vs_mmse,gs16_ber,mmse_ber,frames,total_bits
hardware,Adaptive GS hardware policy,0,0.104625,16.0,0.0,0,0,1000,0.0,0.0,100.0,0.0,0.0002500000000000002,0.104625,0.104375,1000,8000
balanced,Adaptive GS balanced,0,0.104625,16.0,0.0,0,0,1000,0.0,0.0,100.0,0.0,0.0002500000000000002,0.104625,0.104375,1000,8000
aggressive,Adaptive GS aggressive,0,0.104625,16.0,0.0,0,0,1000,0.0,0.0,100.0,0.0,0.0002500000000000002,0.104625,0.104375,1000,8000
aggressive_v2,Adaptive GS aggressive_v2,0,0.104625,16.0,0.0,0,0,1000,0.0,0.0,100.0,0.0,0.0002500000000000002,0.104625,0.104375,1000,8000
hardware,Adaptive GS hardware policy,2,0.075375,16.0,0.0,0,0,1000,0.0,0.0,100.0,0.0,0.0,0.075375,0.075375,1000,8000
balanced,Adaptive GS balanced,2,0.075375,16.0,0.0,0,0,1000,0.0,0.0,100.0,0.0,0.0,0.075375,0.075375,1000,8000
aggressive,Adaptive GS aggressive,2,0.075375,16.0,0.0,0,0,1000,0.0,0.0,100.0,0.0,0.0,0.075375,0.075375,1000,8000
aggressive_v2,Adaptive GS aggressive_v2,2,0.075375,16.0,0.0,0,0,1000,0.0,0.0,100.0,0.0,0.0,0.075375,0.075375,1000,8000
hardware,Adaptive GS hardware policy,4,0.055,15.096,5.6499999999999995,0,113,887,0.0,11.3,88.7,0.0002500000000000002,0.0005000000000000004,0.05475,0.0545,1000,8000
balanced,Adaptive GS balanced,4,0.05475,16.0,0.0,0,0,1000,0.0,0.0,100.0,0.0,0.0002500000000000002,0.05475,0.0545,1000,8000
aggressive,Adaptive GS aggressive,4,0.055375,12.304,23.099999999999998,0,462,538,0.0,46.2,53.800000000000004,0.0006250000000000006,0.0008750000000000008,0.05475,0.0545,1000,8000
aggressive_v2,Adaptive GS aggressive_v2,4,0.055875,11.144,30.349999999999998,0,607,393,0.0,60.699999999999996,39.300000000000004,0.001125000000000001,0.0013750000000000012,0.05475,0.0545,1000,8000
hardware,Adaptive GS hardware policy,6,0.0365,15.176,5.149999999999999,0,103,897,0.0,10.299999999999999,89.7,-0.0001250000000000001,0.0008750000000000008,0.036625,0.035625,1000,8000
balanced,Adaptive GS balanced,6,0.036625,14.608,8.699999999999996,0,174,826,0.0,17.4,82.6,0.0,0.0010000000000000009,0.036625,0.035625,1000,8000
aggressive,Adaptive GS aggressive,6,0.037125,12.304,23.099999999999998,0,462,538,0.0,46.2,53.800000000000004,0.0005000000000000004,0.0015000000000000013,0.036625,0.035625,1000,8000
aggressive_v2,Adaptive GS aggressive_v2,6,0.03775,11.072,30.800000000000004,0,616,384,0.0,61.6,38.4,0.001125000000000001,0.002125000000000002,0.036625,0.035625,1000,8000
hardware,Adaptive GS hardware policy,8,0.033,15.116,5.525000000000002,7,100,893,0.7000000000000001,10.0,89.3,0.001125000000000001,0.005000000000000001,0.031875,0.028,1000,8000
balanced,Adaptive GS balanced,8,0.0325,14.72,7.9999999999999964,0,160,840,0.0,16.0,84.0,0.0006250000000000006,0.0045000000000000005,0.031875,0.028,1000,8000
aggressive,Adaptive GS aggressive,8,0.034125,12.124,24.224999999999998,67,384,549,6.7,38.4,54.900000000000006,0.002250000000000002,0.006125000000000002,0.031875,0.028,1000,8000
aggressive_v2,Adaptive GS aggressive_v2,8,0.03425,11.328,29.200000000000003,0,584,416,0.0,58.4,41.6,0.002375000000000002,0.006250000000000002,0.031875,0.028,1000,8000
hardware,Adaptive GS hardware policy,10,0.019375,15.112,5.549999999999999,16,87,897,1.6,8.7,89.7,0.0005000000000000004,0.004375,0.018875,0.015,1000,8000
balanced,Adaptive GS balanced,10,0.019625,14.652,8.425000000000004,19,140,841,1.9,14.000000000000002,84.1,0.0007500000000000007,0.004625000000000001,0.018875,0.015,1000,8000
aggressive,Adaptive GS aggressive,10,0.0215,12.156,24.024999999999995,73,371,556,7.3,37.1,55.60000000000001,0.002624999999999999,0.006499999999999999,0.018875,0.015,1000,8000
aggressive_v2,Adaptive GS aggressive_v2,10,0.02475,10.256,35.9,234,367,399,23.400000000000002,36.7,39.900000000000006,0.005875000000000002,0.009750000000000002,0.018875,0.015,1000,8000
hardware,Adaptive GS hardware policy,12,0.015375,15.24,4.749999999999998,6,86,908,0.6,8.6,90.8,0.0005000000000000004,0.0075,0.014875,0.007875,1000,8000
balanced,Adaptive GS balanced,12,0.015625,14.624,8.599999999999996,12,154,834,1.2,15.4,83.39999999999999,0.0007500000000000007,0.00775,0.014875,0.007875,1000,8000
aggressive,Adaptive GS aggressive,12,0.018625,11.968,25.2,66,405,529,6.6000000000000005,40.5,52.900000000000006,0.00375,0.01075,0.014875,0.007875,1000,8000
aggressive_v2,Adaptive GS aggressive_v2,12,0.022,10.188,36.324999999999996,237,371,392,23.7,37.1,39.2,0.007124999999999999,0.014124999999999999,0.014875,0.007875,1000,8000
hardware,Adaptive GS hardware policy,14,0.01775,14.928,6.699999999999995,16,110,874,1.6,11.0,87.4,0.0008749999999999973,0.012374999999999999,0.016875,0.005375,1000,8000
balanced,Adaptive GS balanced,14,0.017625,14.424,9.850000000000003,20,167,813,2.0,16.7,81.3,0.0007499999999999972,0.012249999999999999,0.016875,0.005375,1000,8000
aggressive,Adaptive GS aggressive,14,0.02075,11.896,25.649999999999995,90,378,532,9.0,37.8,53.2,0.003875,0.015375000000000002,0.016875,0.005375,1000,8000
aggressive_v2,Adaptive GS aggressive_v2,14,0.0255,10.064,37.1,266,343,391,26.6,34.300000000000004,39.1,0.008624999999999997,0.020124999999999997,0.016875,0.005375,1000,8000
hardware,Adaptive GS hardware policy,16,0.018,15.228,4.825000000000001,9,83,908,0.8999999999999999,8.3,90.8,0.0006249999999999971,0.014624999999999999,0.017375,0.003375,1000,8000
balanced,Adaptive GS balanced,16,0.018625,14.628,8.575,13,152,835,1.3,15.2,83.5,0.0012499999999999976,0.01525,0.017375,0.003375,1000,8000
aggressive,Adaptive GS aggressive,16,0.023375,11.992,25.049999999999994,76,387,537,7.6,38.7,53.7,0.005999999999999998,0.02,0.017375,0.003375,1000,8000
aggressive_v2,Adaptive GS aggressive_v2,16,0.027375,10.212,36.175000000000004,245,356,399,24.5,35.6,39.900000000000006,0.009999999999999998,0.024,0.017375,0.003375,1000,8000
hardware,Adaptive GS hardware policy,18,0.018375,15.092,5.674999999999997,7,103,890,0.7000000000000001,10.299999999999999,89.0,0.0008749999999999973,0.01525,0.0175,0.003125,1000,8000
balanced,Adaptive GS balanced,18,0.01875,14.596,8.774999999999999,15,153,832,1.5,15.299999999999999,83.2,0.0012499999999999976,0.015625,0.0175,0.003125,1000,8000
aggressive,Adaptive GS aggressive,18,0.0215,12.008,24.950000000000006,80,379,541,8.0,37.9,54.1,0.003999999999999997,0.018375,0.0175,0.003125,1000,8000
aggressive_v2,Adaptive GS aggressive_v2,18,0.027125,10.104,36.85000000000001,266,338,396,26.6,33.800000000000004,39.6,0.009624999999999998,0.024,0.0175,0.003125,1000,8000
hardware,Adaptive GS hardware policy,20,0.018625,15.14,5.3749999999999964,7,97,896,0.7000000000000001,9.700000000000001,89.60000000000001,0.0007500000000000007,0.016625,0.017875,0.002,1000,8000
balanced,Adaptive GS balanced,20,0.0185,14.612,8.674999999999999,17,148,835,1.7000000000000002,14.799999999999999,83.5,0.0006250000000000006,0.0165,0.017875,0.002,1000,8000
aggressive,Adaptive GS aggressive,20,0.022875,12.12,24.250000000000004,72,377,551,7.199999999999999,37.7,55.1,0.005000000000000001,0.020874999999999998,0.017875,0.002,1000,8000
aggressive_v2,Adaptive GS aggressive_v2,20,0.02625,10.516,34.275,229,342,429,22.900000000000002,34.2,42.9,0.008375,0.02425,0.017875,0.002,1000,8000
